tanh,relu,selu
0.11444282006165223,0.10074175969326513,0.10605257277026836
0.09720939148963098,0.1222266586772067,0.10471750081753117
0.13044053164597078,0.1224609481958577,0.11690545169890923
0.09930593996054793,0.11687398878596084,0.11150594532453084
0.07189858442790047,0.1279331101372193,0.10215940355429924
0.1164814627422173,0.06946307378324423,0.14445175202130256
0.10493321882723365,0.09558793048223538,0.10718351982206606
0.1156949638633735,0.08397154201640178,0.14796446166478183
