uniform,doublepoint
0.1259040119811598,0.14713171205593017
0.1179811188482207,0.28910244875720886
0.1363266066595681,0.12589935026591006
0.007072192663414288,0.1485220998069003
0.12836148586061652,0.20951844115512583
0.148137565597068,0.09795646395105964
0.26719701970608994,0.28910244875720886
0.12044351457005195,0.03382300260687384
0.14890693183987933,0.09250380960939956
0.24318464561995545,0.2756038359750444
