sawtooth,none
0.09456668395518812,0.11257697471823426
0.11216806617300755,0.1427484414486615
0.13142404807357386,0.13286438231115147
0.10457672022132206,0.18453063043787893
0.059852621588014875,0.04146699408834868
0.10611918263299984,0.12692513465607494
0.27842845864419946,0.0983349498416367
0.08297966893969884,0.10494617852143345
0.1212634120188459,0.14230090271969267
0.04720152998247225,0.1506574556766356
