random,best
0.14846892443840545,0.11465328523480231
0.1393849323736984,0.13043776443094912
0.1273914985880223,0.2188399703324527
0.03819306574988849,0.14738936089025864
0.10460466441891714,0.10947394828355776
0.06790104056892989,0.12724773745568463
0.1411181668830902,0.11640602624432138
0.10009119764947425,0.14721230526938492
0.2682039054971905,0.08950400760389428
0.11457433457682517,0.07475910224035427
